id;date;link_id
1;13.12.2024 12:35;1
2;13.12.2024 12:35;2
3;13.12.2024 12:35;2
4;13.12.2024 12:35;3
5;13.12.2024 12:35;3
6;13.12.2024 12:35;3
7;13.12.2024 12:35;4
8;13.12.2024 12:35;4
9;13.12.2024 12:35;5
10;13.12.2024 12:35;6
11;13.12.2024 12:35;6
12;13.12.2024 12:35;6
13;13.12.2024 12:35;7
14;13.12.2024 12:35;8
15;13.12.2024 12:35;9
16;13.12.2024 12:35;10
17;13.12.2024 12:35;11
18;13.12.2024 12:35;12
19;13.12.2024 12:35;13
20;13.12.2024 12:35;13
21;13.12.2024 12:35;14
25;13.12.2024 12:35;17
26;13.12.2024 12:35;18
27;13.12.2024 12:35;19
28;13.12.2024 12:35;19
29;13.12.2024 12:35;19
30;13.12.2024 12:35;19
31;13.12.2024 12:35;20
